{
    "TOC": {
        "name": "Neetu Faujdar",
        "info": "Theory Of Automata",
        "email": "neetu@gla.ac.in",
        "phone": "98xxxxxxxx"
    },
    "cp": {
        "name": "Suresh Pratap",
        "info": "Theory Of Automata",
        "email": "neetu@gla.ac.in",
        "phone": "98xxxxxxxx"
    },
    "dsa": {
        "name": "Amrinder",
        "info": "Data Structures and Algorithms Teacher",
        "email": "amrinder@gmail.com",
        "phone": "89xxxxxxxx"
    },
    "QT": {
        "name": "Jay Prakash Garg",
        "info": "Theory Of Automata",
        "email": "jay@gla.ac.in",
        "phone": "98xxxxxxxx"
    },
    "FS": {
        "name": "Govind Kumar Jha",
        "info": "Full Stack",
        "email": "govind@gmail.com",
        "phone": "89xxxxxxxx"
    },
    "AS": {
        "name": "Renu Sharma",
        "info": "Agile Software",
        "email": "renu@gmail.com",
        "phone": "78xxxxxxxx"
    }
}